offer_id,url,rooms,price_month,deposit,latitude,longitude,area_total,floor,floors_total,ceiling_height,building_year,area_living,area_kitchen
1016606507768305546,https://realty.yandex.ru/offer/1016606507768305546/,3.0,130500,0.0,55.639935,37.59932,76.0,12.0,16.0,2.8,1979.0,,
1017517121818067556,https://realty.yandex.ru/offer/1017517121818067556/,2.0,56500,0.0,55.657906,37.27182,38.0,3.0,22.0,,2024.0,,
1022356192267346165,https://realty.yandex.ru/offer/1022356192267346165/,1.0,56500,0.0,55.707653,37.75674,31.0,4.0,5.0,,1963.0,,
10881170026823201,https://realty.yandex.ru/offer/10881170026823201/,1.0,51000,0.0,55.47465,37.525963,33.0,14.0,15.0,2.7,2023.0,,
1096409508365298327,https://realty.yandex.ru/offer/1096409508365298327/,1.0,62000,0.0,55.88224,37.655598,38.0,7.0,14.0,2.74,2008.0,,
1136960626664428058,https://realty.yandex.ru/offer/1136960626664428058/,2.0,120500,0.0,55.836895,37.423347,61.0,35.0,43.0,3.0,2025.0,,
1143634856975085312,https://realty.yandex.ru/offer/1143634856975085312/,2.0,300000,300000.0,55.7513,37.533615,83.0,38.0,68.0,3.1,2020.0,60.0,12.0
1144809122110912879,https://realty.yandex.ru/offer/1144809122110912879/,2.0,117500,0.0,55.77827,37.609863,55.0,6.0,8.0,2.8,2006.0,,
1160595368406934298,https://realty.yandex.ru/offer/1160595368406934298/,2.0,75000,71500.0,55.68597,37.408913,40.0,5.0,9.0,,2023.0,,
1169151291893931014,https://realty.yandex.ru/offer/1169151291893931014/,0.0,82500,0.0,55.849148,37.650322,25.0,33.0,53.0,3.0,2024.0,,
1201152016853345025,https://realty.yandex.ru/offer/1201152016853345025/,3.0,135000,0.0,55.688564,37.46591,78.0,2.0,25.0,2.8,2012.0,,
1220513219387516551,https://realty.yandex.ru/offer/1220513219387516551/,1.0,90500,0.0,55.694317,37.46168,35.5,8.0,32.0,,,,
1244817085388954019,https://realty.yandex.ru/offer/1244817085388954019/,0.0,67500,0.0,55.81372,37.740112,25.0,28.0,29.0,3.0,2023.0,,
1275586164516878944,https://realty.yandex.ru/offer/1275586164516878944/,2.0,65500,0.0,55.85045,37.643085,45.0,5.0,5.0,,1964.0,,
1355425902907978799,https://realty.yandex.ru/offer/1355425902907978799/,0.0,67500,0.0,55.556076,37.500923,23.0,6.0,16.0,,2025.0,,
13684712464340755,https://realty.yandex.ru/offer/13684712464340755/,2.0,59500,0.0,55.583294,37.143597,60.0,4.0,7.0,,2026.0,,
1397554910349271056,https://realty.yandex.ru/offer/1397554910349271056/,1.0,89000,0.0,55.72396,37.573296,34.0,1.0,5.0,,1959.0,,
1407344901201938193,https://realty.yandex.ru/offer/1407344901201938193/,2.0,120000,114000.0,55.69998,37.46753,42.0,11.0,21.0,3.0,2022.0,,
1438184738433968967,https://realty.yandex.ru/offer/1438184738433968967/,3.0,86000,0.0,55.737183,37.66395,72.0,6.0,17.0,2.7,1978.0,,
1452229765379774887,https://realty.yandex.ru/offer/1452229765379774887/,0.0,55000,0.0,55.59107,37.453438,22.0,7.0,16.0,,,,
1474419947377790574,https://realty.yandex.ru/offer/1474419947377790574/,1.0,51000,0.0,55.591503,37.447334,31.0,11.0,16.0,3.0,2020.0,,
1486563472360513380,https://realty.yandex.ru/offer/1486563472360513380/,2.0,58000,55000.0,55.868042,37.39885,36.0,16.0,31.0,,2017.0,,
1497575282402463025,https://realty.yandex.ru/offer/1497575282402463025/,2.0,75500,72000.0,55.803596,37.720726,45.0,3.0,5.0,2.48,1965.0,,
1507588235835337014,https://realty.yandex.ru/offer/1507588235835337014/,3.0,101000,0.0,55.80502,37.75359,45.0,3.0,28.0,,,,
1510049951499134448,https://realty.yandex.ru/offer/1510049951499134448/,2.0,94500,0.0,55.87296,37.685825,57.0,10.0,16.0,,2019.0,,
1526495936964137075,https://realty.yandex.ru/offer/1526495936964137075/,1.0,70000,0.0,55.785732,37.598915,40.0,1.0,5.0,3.0,1928.0,,
1527122260835410774,https://realty.yandex.ru/offer/1527122260835410774/,4.0,138000,0.0,55.6722,37.49233,146.0,1.0,17.0,3.0,2002.0,,
1530522632801981223,https://realty.yandex.ru/offer/1530522632801981223/,1.0,62000,0.0,55.965683,37.17048,33.0,4.0,25.0,,,,
1539571757918718921,https://realty.yandex.ru/offer/1539571757918718921/,2.0,89000,0.0,55.732357,37.47684,55.9,2.0,14.0,2.64,1995.0,,
154300017129061074,https://realty.yandex.ru/offer/154300017129061074/,3.0,163000,0.0,55.796173,37.522305,71.0,5.0,5.0,,1954.0,,
155324415703962490,https://realty.yandex.ru/offer/155324415703962490/,2.0,66000,0.0,55.676067,37.45115,44.0,5.0,5.0,,1965.0,,
1566647097811057130,https://realty.yandex.ru/offer/1566647097811057130/,3.0,90500,0.0,55.551647,37.47656,65.0,5.0,8.0,,,,
1572097724993809508,https://realty.yandex.ru/offer/1572097724993809508/,0.0,60000,0.0,55.66175,37.416977,22.5,4.0,14.0,3.0,2018.0,,
1584269011575094018,https://realty.yandex.ru/offer/1584269011575094018/,1.0,50000,0.0,55.509033,37.34445,32.0,8.0,9.0,2.8,2021.0,,
1592131464098063938,https://realty.yandex.ru/offer/1592131464098063938/,2.0,73000,0.0,55.71091,37.407394,54.0,17.0,17.0,2.64,2003.0,,
1597817605234769332,https://realty.yandex.ru/offer/1597817605234769332/,2.0,92500,0.0,55.875156,37.59665,49.0,23.0,24.0,2.6,2025.0,,
1611240239992664817,https://realty.yandex.ru/offer/1611240239992664817/,3.0,185000,0.0,55.793278,37.5614,118.0,4.0,16.0,,2004.0,,
1641529557103644421,https://realty.yandex.ru/offer/1641529557103644421/,3.0,105000,0.0,55.819393,37.66071,65.0,4.0,12.0,2.64,1967.0,,
1651935316777324401,https://realty.yandex.ru/offer/1651935316777324401/,2.0,73000,0.0,55.828842,37.57565,50.0,10.0,16.0,2.48,1983.0,,
1728959998510852007,https://realty.yandex.ru/offer/1728959998510852007/,2.0,84500,0.0,55.607025,37.664337,64.0,11.0,11.0,,2020.0,,
1754221562303289292,https://realty.yandex.ru/offer/1754221562303289292/,2.0,75500,0.0,55.617664,37.41104,46.0,8.0,25.0,2.7,2019.0,,
175522739498646324,https://realty.yandex.ru/offer/175522739498646324/,3.0,111500,0.0,55.857784,37.6115,62.0,8.0,12.0,2.64,1982.0,,
1809622054938253571,https://realty.yandex.ru/offer/1809622054938253571/,1.0,83500,0.0,55.681797,37.662712,49.0,11.0,14.0,3.0,2002.0,,
1816170441661123196,https://realty.yandex.ru/offer/1816170441661123196/,3.0,134500,0.0,55.752308,37.714428,70.0,6.0,17.0,2.74,2000.0,,
1816744614852624860,https://realty.yandex.ru/offer/1816744614852624860/,0.0,73000,0.0,55.79843,37.389374,38.0,24.0,25.0,2.8,2012.0,,
1821863686800686637,https://realty.yandex.ru/offer/1821863686800686637/,1.0,54000,0.0,55.710243,37.951225,33.0,10.0,22.0,2.7,2024.0,,
1845295737663082623,https://realty.yandex.ru/offer/1845295737663082623/,2.0,93500,0.0,55.679554,37.514175,38.0,6.0,8.0,2.64,1960.0,,
1932274439574606487,https://realty.yandex.ru/offer/1932274439574606487/,1.0,68500,0.0,55.821354,37.50866,35.0,8.0,14.0,2.64,1975.0,,
1936798839067997912,https://realty.yandex.ru/offer/1936798839067997912/,0.0,100000,0.0,55.73362,37.740494,20.0,11.0,33.0,,,,
1946981450954572146,https://realty.yandex.ru/offer/1946981450954572146/,1.0,50500,0.0,55.534546,37.50301,40.0,17.0,22.0,2.64,2007.0,,
1959171274890476609,https://realty.yandex.ru/offer/1959171274890476609/,2.0,98500,0.0,55.851223,37.62055,38.0,18.0,23.0,,,,
1973514576367417679,https://realty.yandex.ru/offer/1973514576367417679/,0.0,65000,0.0,55.60568,37.414436,20.0,9.0,22.0,,2024.0,,
197959651559225145,https://realty.yandex.ru/offer/197959651559225145/,0.0,62000,0.0,55.5608,37.498394,23.0,7.0,14.0,3.1,2025.0,,
1987719477418288579,https://realty.yandex.ru/offer/1987719477418288579/,3.0,94000,0.0,55.93274,37.388836,76.0,9.0,14.0,,2023.0,,
1989692846335152716,https://realty.yandex.ru/offer/1989692846335152716/,2.0,75000,71500.0,55.700268,37.78464,45.0,3.0,12.0,2.64,1965.0,,
1995080265279924079,https://realty.yandex.ru/offer/1995080265279924079/,1.0,89000,0.0,55.746258,37.563026,35.7,3.0,9.0,3.0,1977.0,,
199814646052116736,https://realty.yandex.ru/offer/199814646052116736/,2.0,1200000,1200000.0,55.747528,37.538673,154.0,68.0,73.0,5.0,2009.0,120.0,14.0
1998595067557804749,https://realty.yandex.ru/offer/1998595067557804749/,2.0,62000,0.0,55.76351,37.83887,43.0,3.0,9.0,2.64,1972.0,,
2017330876115816813,https://realty.yandex.ru/offer/2017330876115816813/,2.0,67500,0.0,55.638393,37.30795,51.0,16.0,17.0,,2019.0,,
2034215062424757283,https://realty.yandex.ru/offer/2034215062424757283/,1.0,115000,105000.0,55.690224,37.61229,39.9,22.0,24.0,2.7,2023.0,21.0,10.2
2038420406585353150,https://realty.yandex.ru/offer/2038420406585353150/,3.0,55500,0.0,55.60356,37.3729,31.0,24.0,25.0,,2023.0,,
2066866447578562947,https://realty.yandex.ru/offer/2066866447578562947/,0.0,75000,0.0,55.75323,37.706974,26.7,22.0,23.0,,2018.0,,
2072825244672674102,https://realty.yandex.ru/offer/2072825244672674102/,3.0,183000,0.0,55.771954,37.68894,66.0,12.0,17.0,3.0,2025.0,,
2091361197388267334,https://realty.yandex.ru/offer/2091361197388267334/,0.0,51000,0.0,55.751316,37.810684,12.0,1.0,9.0,2.64,1968.0,,
210354355673757973,https://realty.yandex.ru/offer/210354355673757973/,2.0,72000,68500.0,55.59245,37.427555,40.0,3.0,16.0,3.0,2023.0,,
210416000473609683,https://realty.yandex.ru/offer/210416000473609683/,0.0,67500,0.0,55.787827,37.63086,15.0,3.0,3.0,,1905.0,,
2109710052678626857,https://realty.yandex.ru/offer/2109710052678626857/,0.0,73000,0.0,55.85518,37.559513,31.0,16.0,24.0,2.8,2022.0,,
2122618810111093062,https://realty.yandex.ru/offer/2122618810111093062/,1.0,63000,60000.0,55.546394,37.58675,40.0,4.0,23.0,,2016.0,,
2134932908544950757,https://realty.yandex.ru/offer/2134932908544950757/,2.0,76500,0.0,55.520226,37.598114,60.0,9.0,17.0,,2023.0,,
2139276830329615763,https://realty.yandex.ru/offer/2139276830329615763/,2.0,75000,0.0,55.866287,37.590866,58.2,13.0,17.0,2.64,1989.0,,
2143913759438390149,https://realty.yandex.ru/offer/2143913759438390149/,1.0,70000,0.0,55.674965,37.85223,40.0,14.0,24.0,2.8,2023.0,,
2147246140000071585,https://realty.yandex.ru/offer/2147246140000071585/,2.0,53500,0.0,55.619514,37.26397,40.0,7.0,18.0,,2017.0,,
2157315951101356397,https://realty.yandex.ru/offer/2157315951101356397/,1.0,51000,0.0,55.47537,37.533028,35.0,8.0,13.0,,2024.0,,
2164507684800258154,https://realty.yandex.ru/offer/2164507684800258154/,2.0,48000,0.0,55.725628,37.97999,61.0,13.0,22.0,,2021.0,,
2165055466252181598,https://realty.yandex.ru/offer/2165055466252181598/,1.0,70000,0.0,55.667015,37.73606,32.0,9.0,25.0,,2024.0,,
2173638772222835724,https://realty.yandex.ru/offer/2173638772222835724/,2.0,73000,0.0,55.666763,37.62677,59.0,5.0,8.0,2.8,1959.0,,
2208004769706280544,https://realty.yandex.ru/offer/2208004769706280544/,1.0,61500,0.0,55.800262,37.378223,34.0,4.0,31.0,,2024.0,,
2263603314317252237,https://realty.yandex.ru/offer/2263603314317252237/,2.0,67500,0.0,55.877747,37.64693,45.1,6.0,12.0,2.5,1980.0,,
2329321574555620688,https://realty.yandex.ru/offer/2329321574555620688/,2.0,109000,0.0,55.806774,37.61178,51.0,9.0,12.0,2.75,1976.0,,
233907260296733402,https://realty.yandex.ru/offer/233907260296733402/,1.0,67500,0.0,55.625427,37.308712,46.0,19.0,21.0,,2015.0,,
2375419723131519206,https://realty.yandex.ru/offer/2375419723131519206/,1.0,67500,0.0,55.873417,37.5812,32.0,20.0,33.0,2.7,2024.0,,
2378280296693775563,https://realty.yandex.ru/offer/2378280296693775563/,2.0,62000,62000.0,55.655678,37.276142,47.8,18.0,25.0,,2023.0,28.0,14.7
2385438003980477880,https://realty.yandex.ru/offer/2385438003980477880/,0.0,89000,0.0,55.673775,37.608902,28.0,11.0,27.0,3.0,2023.0,,
2388167413901228250,https://realty.yandex.ru/offer/2388167413901228250/,1.0,51000,0.0,55.814865,37.357635,28.0,10.0,25.0,2.8,2016.0,,
2389799734254541326,https://realty.yandex.ru/offer/2389799734254541326/,1.0,78500,0.0,55.743202,37.413906,34.0,12.0,16.0,2.64,2005.0,,
2420307503590933993,https://realty.yandex.ru/offer/2420307503590933993/,3.0,136500,0.0,55.77299,37.603165,60.0,5.0,7.0,3.0,1930.0,,
2424914622870683413,https://realty.yandex.ru/offer/2424914622870683413/,1.0,45000,,55.66974,37.910236,32.1,2.0,25.0,2.8,2023.0,13.0,8.5
2452795136615321258,https://realty.yandex.ru/offer/2452795136615321258/,1.0,80000,0.0,55.849148,37.650322,26.0,21.0,53.0,3.0,2024.0,,
2454097187759003433,https://realty.yandex.ru/offer/2454097187759003433/,2.0,89000,0.0,55.782257,37.665092,50.0,9.0,14.0,2.7,1987.0,,
2463491294579670556,https://realty.yandex.ru/offer/2463491294579670556/,2.0,62000,0.0,55.53189,37.37456,48.0,14.0,15.0,,2026.0,,
2508119480006132577,https://realty.yandex.ru/offer/2508119480006132577/,3.0,125000,0.0,55.723877,37.77715,74.0,28.0,33.0,2.7,2021.0,,
2562030494256874490,https://realty.yandex.ru/offer/2562030494256874490/,0.0,58500,0.0,55.659065,37.72637,20.0,22.0,33.0,,2026.0,,
2603370552252288410,https://realty.yandex.ru/offer/2603370552252288410/,2.0,86500,0.0,55.872013,37.581215,58.0,6.0,24.0,2.7,2024.0,,
2629410931592242050,https://realty.yandex.ru/offer/2629410931592242050/,1.0,72000,0.0,55.520927,37.38775,42.0,8.0,15.0,2.7,2025.0,,
2658856275484441689,https://realty.yandex.ru/offer/2658856275484441689/,2.0,100000,0.0,55.596428,37.599827,66.0,16.0,23.0,2.8,2014.0,,
2671577735850455619,https://realty.yandex.ru/offer/2671577735850455619/,2.0,83500,0.0,55.726795,37.52633,38.0,8.0,9.0,2.64,1966.0,,
2682027789749840061,https://realty.yandex.ru/offer/2682027789749840061/,3.0,160000,,55.755756,37.51061,55.0,5.0,25.0,3.0,2017.0,26.0,15.0
2695506258594758142,https://realty.yandex.ru/offer/2695506258594758142/,0.0,78500,0.0,55.651367,37.48286,20.0,12.0,24.0,,1980.0,,
2711774536108393086,https://realty.yandex.ru/offer/2711774536108393086/,1.0,82000,0.0,55.84154,37.495937,34.0,21.0,33.0,2.7,2023.0,,
2732399810152785471,https://realty.yandex.ru/offer/2732399810152785471/,3.0,100000,0.0,55.724617,37.403145,62.0,3.0,9.0,2.48,2017.0,,
2737100975401953053,https://realty.yandex.ru/offer/2737100975401953053/,2.0,84500,0.0,55.58923,37.445625,52.0,12.0,12.0,,2023.0,,
2747694130154299614,https://realty.yandex.ru/offer/2747694130154299614/,2.0,73000,0.0,55.555893,37.5988,59.4,4.0,16.0,,2020.0,,
2756119432248127380,https://realty.yandex.ru/offer/2756119432248127380/,3.0,86500,0.0,55.66697,37.734047,50.0,7.0,25.0,2.7,2023.0,,
2769685553276246460,https://realty.yandex.ru/offer/2769685553276246460/,2.0,80000,0.0,55.700623,37.908024,65.0,15.0,25.0,,2020.0,,
2780828265413958376,https://realty.yandex.ru/offer/2780828265413958376/,0.0,75500,0.0,55.721073,37.68847,26.0,2.0,30.0,3.0,2024.0,,
2794821995710491225,https://realty.yandex.ru/offer/2794821995710491225/,1.0,71000,0.0,55.651524,37.72321,32.0,1.0,6.0,4.6,2021.0,,
2814283354194184805,https://realty.yandex.ru/offer/2814283354194184805/,3.0,123000,0.0,55.589256,37.44425,60.0,10.0,16.0,,2022.0,,
2835447923469945109,https://realty.yandex.ru/offer/2835447923469945109/,2.0,79000,75000.0,55.66697,37.734047,60.0,8.0,25.0,2.7,2023.0,,
2846587697276695296,https://realty.yandex.ru/offer/2846587697276695296/,3.0,790000,790000.0,55.749523,37.53407,190.0,55.0,85.0,3.2,2016.0,150.0,14.0
2869187020538293910,https://realty.yandex.ru/offer/2869187020538293910/,0.0,66500,0.0,55.66175,37.416977,34.0,9.0,25.0,3.0,2018.0,,
2872684770011034166,https://realty.yandex.ru/offer/2872684770011034166/,0.0,87500,0.0,55.694317,37.46168,23.7,31.0,33.0,,,,
287609422574527769,https://realty.yandex.ru/offer/287609422574527769/,0.0,54000,0.0,55.712894,37.36917,21.0,3.0,17.0,,2023.0,,
2917485389342801460,https://realty.yandex.ru/offer/2917485389342801460/,1.0,42000,0.0,55.72004,37.97355,39.0,15.0,22.0,2.7,2018.0,,
2941422537280483888,https://realty.yandex.ru/offer/2941422537280483888/,2.0,77500,0.0,55.6318,37.41927,53.0,11.0,22.0,,2022.0,,
299374376393028007,https://realty.yandex.ru/offer/299374376393028007/,0.0,44000,42000.0,55.70803,37.83041,18.0,8.0,9.0,,2003.0,,
3021602621395050490,https://realty.yandex.ru/offer/3021602621395050490/,2.0,84000,80000.0,55.81372,37.740112,40.0,29.0,29.0,3.0,2023.0,,
3024205653612422274,https://realty.yandex.ru/offer/3024205653612422274/,0.0,34000,0.0,55.949665,37.180737,26.0,14.0,17.0,2.8,2023.0,,
3055438501132838561,https://realty.yandex.ru/offer/3055438501132838561/,2.0,110000,0.0,55.8601,37.649128,48.0,19.0,24.0,,2025.0,,
3057092213975588529,https://realty.yandex.ru/offer/3057092213975588529/,2.0,93500,0.0,55.701347,37.393234,47.0,5.0,14.0,3.0,2023.0,,
3062675244928732610,https://realty.yandex.ru/offer/3062675244928732610/,2.0,81500,0.0,55.60667,37.527184,55.0,10.0,16.0,2.64,1976.0,,
3063514878490944227,https://realty.yandex.ru/offer/3063514878490944227/,1.0,69000,0.0,55.712894,37.36917,26.3,10.0,17.0,,2023.0,,
3065311649186292827,https://realty.yandex.ru/offer/3065311649186292827/,2.0,78750,75000.0,55.862045,37.468983,46.9,8.0,12.0,2.64,1965.0,31.2,10.4
3087901823670675896,https://realty.yandex.ru/offer/3087901823670675896/,1.0,43000,0.0,55.72402,37.981937,36.0,18.0,22.0,,2024.0,,
3097563541188843844,https://realty.yandex.ru/offer/3097563541188843844/,2.0,205000,0.0,55.806644,37.542957,94.0,10.0,34.0,3.0,2008.0,,
3098192006896213131,https://realty.yandex.ru/offer/3098192006896213131/,3.0,79000,75000.0,55.670784,37.85543,55.0,30.0,30.0,2.8,2018.0,,
3101159838102006336,https://realty.yandex.ru/offer/3101159838102006336/,1.0,68500,0.0,55.614456,37.412556,42.0,2.0,25.0,,2020.0,,
3135742622022906101,https://realty.yandex.ru/offer/3135742622022906101/,3.0,147500,0.0,55.75563,37.70596,75.0,20.0,22.0,,2022.0,,
3144637048259290191,https://realty.yandex.ru/offer/3144637048259290191/,1.0,81000,0.0,55.68671,37.676933,43.0,12.0,21.0,2.78,2006.0,,
315949895593045634,https://realty.yandex.ru/offer/315949895593045634/,2.0,70000,0.0,55.802437,37.704655,30.0,3.0,15.0,,1974.0,,
3161327199016576513,https://realty.yandex.ru/offer/3161327199016576513/,2.0,180000,180000.0,55.75169,37.51631,57.0,3.0,20.0,3.0,2020.0,30.0,22.0
3179410599088578084,https://realty.yandex.ru/offer/3179410599088578084/,0.0,60500,0.0,55.662643,37.73205,20.0,7.0,33.0,,,,
3190274308972681598,https://realty.yandex.ru/offer/3190274308972681598/,2.0,73500,0.0,55.659573,37.583157,37.0,4.0,9.0,2.5,1964.0,,
3208405423927408375,https://realty.yandex.ru/offer/3208405423927408375/,2.0,122500,0.0,55.76479,37.51141,42.0,11.0,42.0,3.2,2023.0,,
3215409162537787096,https://realty.yandex.ru/offer/3215409162537787096/,2.0,70000,0.0,55.597942,37.60886,44.0,4.0,9.0,,1971.0,,
3225088619541348793,https://realty.yandex.ru/offer/3225088619541348793/,3.0,81000,0.0,55.64877,37.381756,74.0,4.0,17.0,2.64,1996.0,,
3267195726745216887,https://realty.yandex.ru/offer/3267195726745216887/,1.0,73000,0.0,55.606426,37.41061,42.0,2.0,16.0,2.7,2021.0,,
3308787451955440585,https://realty.yandex.ru/offer/3308787451955440585/,1.0,56500,0.0,55.64192,37.34939,38.0,3.0,14.0,2.64,1989.0,,
3309925851868541671,https://realty.yandex.ru/offer/3309925851868541671/,0.0,55000,0.0,55.882454,37.681786,17.0,5.0,22.0,2.7,2020.0,,
3314507518550659987,https://realty.yandex.ru/offer/3314507518550659987/,2.0,105000,0.0,55.767895,37.50217,38.0,6.0,27.0,3.0,2023.0,,
3315767312486681746,https://realty.yandex.ru/offer/3315767312486681746/,1.0,80500,0.0,55.593807,37.432583,48.0,14.0,18.0,,,,
3340785743858954514,https://realty.yandex.ru/offer/3340785743858954514/,2.0,147500,0.0,55.76249,37.513275,60.0,26.0,35.0,,,,
3352031592330377320,https://realty.yandex.ru/offer/3352031592330377320/,2.0,115500,0.0,55.768047,37.49966,56.0,9.0,36.0,3.0,2021.0,,
3383663901664723445,https://realty.yandex.ru/offer/3383663901664723445/,3.0,82500,0.0,55.79773,37.78394,80.0,1.0,5.0,,1956.0,,
3385668570301746459,https://realty.yandex.ru/offer/3385668570301746459/,0.0,69500,66000.0,55.811073,37.514652,25.0,9.0,14.0,,2006.0,,
3412790294323337255,https://realty.yandex.ru/offer/3412790294323337255/,0.0,66500,0.0,55.71885,37.72455,23.0,11.0,17.0,,2024.0,,
3431944165882903210,https://realty.yandex.ru/offer/3431944165882903210/,1.0,205000,0.0,55.768074,37.50396,59.0,6.0,21.0,3.1,2025.0,,
345462521833690546,https://realty.yandex.ru/offer/345462521833690546/,2.0,79500,0.0,55.87278,37.60727,47.0,1.0,9.0,2.64,1975.0,,
3459284921824846366,https://realty.yandex.ru/offer/3459284921824846366/,0.0,39500,0.0,55.50917,37.345467,21.0,10.0,12.0,,2021.0,,
3469699611026410706,https://realty.yandex.ru/offer/3469699611026410706/,2.0,57500,0.0,55.568417,37.28525,36.0,6.0,9.0,,2022.0,,
3470917298481724824,https://realty.yandex.ru/offer/3470917298481724824/,1.0,30000,,55.70031,37.95765,26.0,7.0,17.0,,2019.0,20.0,5.0
3470917318952699756,https://realty.yandex.ru/offer/3470917318952699756/,0.0,130000,,55.783108,37.50952,29.0,6.0,20.0,3.0,2023.0,,
3479233499644561865,https://realty.yandex.ru/offer/3479233499644561865/,0.0,54500,0.0,55.798172,37.37631,28.0,22.0,33.0,2.8,2019.0,,
3480937099605140676,https://realty.yandex.ru/offer/3480937099605140676/,1.0,115500,0.0,55.69835,37.467697,45.0,12.0,29.0,3.0,2022.0,,
3504528321629231870,https://realty.yandex.ru/offer/3504528321629231870/,2.0,80500,0.0,55.858746,37.427254,45.0,8.0,9.0,2.64,1968.0,,
3517946589852377033,https://realty.yandex.ru/offer/3517946589852377033/,1.0,42000,0.0,55.629684,37.650883,31.0,4.0,5.0,2.64,1964.0,,
3519033216595117302,https://realty.yandex.ru/offer/3519033216595117302/,0.0,70000,0.0,55.72141,37.69412,25.0,8.0,30.0,3.0,2021.0,,
3544356120762462789,https://realty.yandex.ru/offer/3544356120762462789/,1.0,93500,0.0,55.701157,37.64966,40.0,14.0,24.0,,,,
3545470738769517864,https://realty.yandex.ru/offer/3545470738769517864/,1.0,80000,0.0,55.80502,37.75359,33.1,13.0,33.0,,,,
3549792483353116459,https://realty.yandex.ru/offer/3549792483353116459/,0.0,61000,0.0,55.662643,37.73205,20.0,17.0,33.0,,,,
3603959100218272010,https://realty.yandex.ru/offer/3603959100218272010/,0.0,52000,0.0,55.664036,37.85362,23.0,21.0,25.0,2.6,2025.0,,
3614510164367287902,https://realty.yandex.ru/offer/3614510164367287902/,1.0,81500,0.0,55.779503,37.724148,39.8,3.0,9.0,,1965.0,,
3616113449164689189,https://realty.yandex.ru/offer/3616113449164689189/,0.0,62000,0.0,55.809135,37.75795,18.0,7.0,39.0,3.0,2020.0,,
3620695020898308792,https://realty.yandex.ru/offer/3620695020898308792/,2.0,72000,0.0,55.681534,37.652615,42.0,2.0,9.0,2.64,1968.0,,
3632360141642546320,https://realty.yandex.ru/offer/3632360141642546320/,0.0,47000,0.0,55.656628,37.26975,20.0,10.0,25.0,,,,
3652111257864700624,https://realty.yandex.ru/offer/3652111257864700624/,0.0,140000,0.0,55.801537,37.636715,54.0,4.0,7.0,4.8,2012.0,,
3672148912587689619,https://realty.yandex.ru/offer/3672148912587689619/,1.0,71000,0.0,55.628002,37.641712,33.0,15.0,33.0,2.6,2025.0,,
3740329436358889823,https://realty.yandex.ru/offer/3740329436358889823/,2.0,81500,0.0,55.577564,37.48269,44.0,20.0,25.0,,2020.0,,
3767992378538540275,https://realty.yandex.ru/offer/3767992378538540275/,1.0,84500,0.0,55.6457,37.38175,34.0,12.0,24.0,,2026.0,,
3794949153822507492,https://realty.yandex.ru/offer/3794949153822507492/,2.0,63000,0.0,55.814117,37.358177,40.0,26.0,44.0,2.8,2014.0,,
3797300308102868997,https://realty.yandex.ru/offer/3797300308102868997/,1.0,70000,66500.0,55.63916,37.324608,40.0,3.0,9.0,,2023.0,,
3809991690638962508,https://realty.yandex.ru/offer/3809991690638962508/,2.0,67500,0.0,55.712498,37.8613,45.0,5.0,5.0,,1963.0,,
3824795406268158902,https://realty.yandex.ru/offer/3824795406268158902/,2.0,93500,0.0,55.569164,37.4734,71.0,13.0,17.0,2.9,2011.0,,
3826078007954187461,https://realty.yandex.ru/offer/3826078007954187461/,3.0,137000,0.0,55.692352,37.60839,64.0,4.0,5.0,,1956.0,,
3856212393731030842,https://realty.yandex.ru/offer/3856212393731030842/,3.0,120000,0.0,55.65934,37.473007,75.0,12.0,17.0,2.64,1999.0,,
3907848614865796776,https://realty.yandex.ru/offer/3907848614865796776/,1.0,59000,0.0,55.682796,37.915264,39.0,6.0,14.0,2.64,2006.0,,
3938094450649418716,https://realty.yandex.ru/offer/3938094450649418716/,2.0,48000,0.0,55.501877,37.522045,34.0,9.0,14.0,2.7,2021.0,,
3950645311447047314,https://realty.yandex.ru/offer/3950645311447047314/,0.0,54000,0.0,55.551826,37.503864,25.0,2.0,15.0,,2022.0,,
3962125065314447692,https://realty.yandex.ru/offer/3962125065314447692/,0.0,41500,0.0,55.657894,37.262703,23.0,12.0,20.0,2.75,2019.0,,
3962145437429224730,https://realty.yandex.ru/offer/3962145437429224730/,4.0,40000,,55.516525,37.568256,68.7,6.0,9.0,2.5,1987.0,50.5,7.1
3997409679996929024,https://realty.yandex.ru/offer/3997409679996929024/,2.0,120000,120000.0,55.82767,37.48756,60.0,40.0,40.0,3.1,2012.0,40.0,18.0
4018913422182523450,https://realty.yandex.ru/offer/4018913422182523450/,2.0,85500,0.0,55.632427,37.517166,51.0,9.0,17.0,2.7,1991.0,,
4019814563489115811,https://realty.yandex.ru/offer/4019814563489115811/,2.0,218000,0.0,55.73192,37.542206,46.2,16.0,41.0,,2024.0,,
4025287355710865832,https://realty.yandex.ru/offer/4025287355710865832/,4.0,86500,0.0,55.711807,37.92792,93.0,16.0,16.0,2.8,2022.0,,
4027772455308784709,https://realty.yandex.ru/offer/4027772455308784709/,1.0,67500,0.0,55.850697,37.60045,36.0,32.0,33.0,2.68,2026.0,,
4035986349848046921,https://realty.yandex.ru/offer/4035986349848046921/,3.0,180000,,55.77334,37.598446,86.0,5.0,6.0,2.9,1938.0,,10.3
4035986349852487517,https://realty.yandex.ru/offer/4035986349852487517/,4.0,400000,,55.733925,37.614754,132.0,3.0,8.0,3.2,2007.0,,10.0
4042343469805193738,https://realty.yandex.ru/offer/4042343469805193738/,2.0,107000,0.0,55.70902,37.62077,46.7,9.0,16.0,2.7,1990.0,35.0,9.0
4063663553836464579,https://realty.yandex.ru/offer/4063663553836464579/,3.0,62000,0.0,55.50104,37.52775,56.0,12.0,14.0,,2024.0,,
4078962541186414816,https://realty.yandex.ru/offer/4078962541186414816/,1.0,89000,0.0,55.668854,37.43868,33.0,33.0,33.0,2.7,2023.0,,
4081215920934894561,https://realty.yandex.ru/offer/4081215920934894561/,0.0,58500,0.0,55.730614,37.851788,23.0,6.0,9.0,,2026.0,,
4086903584714074898,https://realty.yandex.ru/offer/4086903584714074898/,0.0,59500,0.0,55.702084,37.364697,21.0,12.0,15.0,,2021.0,,
4092460597536415625,https://realty.yandex.ru/offer/4092460597536415625/,3.0,98000,0.0,55.846066,37.48339,59.0,7.0,9.0,2.64,1969.0,,
4100976176940589974,https://realty.yandex.ru/offer/4100976176940589974/,3.0,155000,0.0,55.585323,37.60199,87.0,5.0,25.0,2.65,2018.0,,
4144522990417121243,https://realty.yandex.ru/offer/4144522990417121243/,1.0,62000,0.0,55.474567,37.532906,40.2,14.0,15.0,,2024.0,,
4161288742681821921,https://realty.yandex.ru/offer/4161288742681821921/,0.0,68500,65000.0,55.815453,37.354706,43.0,16.0,25.0,2.8,2017.0,,
4162320339125092938,https://realty.yandex.ru/offer/4162320339125092938/,1.0,70000,0.0,55.816704,37.753223,34.0,4.0,24.0,3.0,2021.0,,
4179010830344635100,https://realty.yandex.ru/offer/4179010830344635100/,0.0,56500,0.0,55.70988,37.9374,32.0,14.0,23.0,2.7,2022.0,,
4179044695094774300,https://realty.yandex.ru/offer/4179044695094774300/,2.0,76500,0.0,55.805832,37.414383,40.0,12.0,12.0,2.5,1980.0,,
4192973473533445883,https://realty.yandex.ru/offer/4192973473533445883/,3.0,120000,0.0,55.796318,37.52396,52.0,3.0,5.0,,1959.0,,
4196207146555031857,https://realty.yandex.ru/offer/4196207146555031857/,2.0,140000,0.0,55.732235,37.456875,55.8,5.0,24.0,3.0,2021.0,,
4254313471978440880,https://realty.yandex.ru/offer/4254313471978440880/,0.0,59500,0.0,55.79811,37.377327,26.0,12.0,32.0,2.7,2019.0,,
426254080483576929,https://realty.yandex.ru/offer/426254080483576929/,2.0,78500,0.0,55.662643,37.73205,49.0,5.0,33.0,,,,
4292402935410444544,https://realty.yandex.ru/offer/4292402935410444544/,0.0,195000,195000.0,55.7513,37.533615,39.5,53.0,68.0,3.2,2020.0,30.0,
433359723912063803,https://realty.yandex.ru/offer/433359723912063803/,3.0,80500,0.0,55.746822,37.76229,54.0,5.0,5.0,,1961.0,,
4339535222826315273,https://realty.yandex.ru/offer/4339535222826315273/,2.0,58500,0.0,55.524715,37.58517,52.0,2.0,25.0,,2022.0,,
4351626149268341588,https://realty.yandex.ru/offer/4351626149268341588/,4.0,84000,80000.0,55.772682,37.681072,75.0,1.0,5.0,3.0,1935.0,,
4352073008557189559,https://realty.yandex.ru/offer/4352073008557189559/,3.0,104000,0.0,55.65832,37.422314,69.0,4.0,14.0,2.8,2017.0,,
4359753295567497029,https://realty.yandex.ru/offer/4359753295567497029/,2.0,91500,87000.0,55.720226,37.6936,40.0,10.0,35.0,3.0,2021.0,,
439310420353566790,https://realty.yandex.ru/offer/439310420353566790/,1.0,73500,0.0,55.649094,37.44009,40.0,8.0,15.0,,2026.0,,
4417551904652343865,https://realty.yandex.ru/offer/4417551904652343865/,1.0,59000,0.0,55.474567,37.532906,32.0,2.0,15.0,,2024.0,,
4459495231392428070,https://realty.yandex.ru/offer/4459495231392428070/,1.0,45000,0.0,55.70339,37.96454,33.0,5.0,17.0,2.8,2016.0,,
4459697071353952470,https://realty.yandex.ru/offer/4459697071353952470/,2.0,131500,0.0,55.668236,37.563652,62.0,4.0,6.0,,2019.0,,
4535009939524645929,https://realty.yandex.ru/offer/4535009939524645929/,1.0,75500,0.0,55.79083,37.47907,32.0,1.0,9.0,2.64,1970.0,,
4576435275692469904,https://realty.yandex.ru/offer/4576435275692469904/,1.0,62000,0.0,55.513973,37.57466,32.0,16.0,17.0,,2025.0,,
4598129407539837552,https://realty.yandex.ru/offer/4598129407539837552/,2.0,66000,0.0,55.768757,37.827114,48.0,7.0,9.0,2.64,1973.0,,
4601844380158228118,https://realty.yandex.ru/offer/4601844380158228118/,3.0,78500,0.0,55.8461,37.479286,57.0,5.0,5.0,2.48,1967.0,,
4635937284026457943,https://realty.yandex.ru/offer/4635937284026457943/,1.0,72000,0.0,55.566696,37.47995,31.0,25.0,25.0,,2013.0,,
4647198339293492829,https://realty.yandex.ru/offer/4647198339293492829/,2.0,110500,0.0,55.683357,37.446743,50.0,10.0,33.0,2.7,2024.0,,
4662667223916786945,https://realty.yandex.ru/offer/4662667223916786945/,2.0,91500,0.0,55.865738,37.47439,60.0,8.0,25.0,2.65,2009.0,,
4724477203138017288,https://realty.yandex.ru/offer/4724477203138017288/,1.0,75500,72000.0,55.70239,37.460655,34.0,13.0,16.0,2.48,1993.0,,
4728441677484010262,https://realty.yandex.ru/offer/4728441677484010262/,2.0,153000,,55.80772,37.635384,60.0,4.0,15.0,3.1,2021.0,38.0,10.0
4728441677484010293,https://realty.yandex.ru/offer/4728441677484010293/,2.0,450000,,55.71759,37.50412,95.0,,,3.5,2019.0,,20.0
4748633744451986163,https://realty.yandex.ru/offer/4748633744451986163/,2.0,58000,55000.0,55.521446,37.35301,51.0,11.0,16.0,2.7,2022.0,,
4780069549955182935,https://realty.yandex.ru/offer/4780069549955182935/,1.0,83500,0.0,55.94088,37.525784,37.0,7.0,14.0,2.7,2019.0,,
4784230308542731759,https://realty.yandex.ru/offer/4784230308542731759/,3.0,89000,0.0,55.63593,37.32694,76.0,12.0,17.0,,2016.0,,
4815426633200776423,https://realty.yandex.ru/offer/4815426633200776423/,2.0,105000,0.0,55.790024,37.473476,55.0,7.0,25.0,,,,
4818957903290936421,https://realty.yandex.ru/offer/4818957903290936421/,2.0,83500,0.0,55.82382,37.43389,58.0,8.0,24.0,2.7,2024.0,,
4840587236592783096,https://realty.yandex.ru/offer/4840587236592783096/,1.0,73500,0.0,55.73362,37.740494,32.2,18.0,33.0,,2022.0,12.0,16.0
4842522375424956153,https://realty.yandex.ru/offer/4842522375424956153/,2.0,100000,0.0,55.64817,37.495724,56.0,13.0,14.0,2.64,2002.0,,
4849739006362971136,https://realty.yandex.ru/offer/4849739006362971136/,2.0,63000,63000.0,55.681255,37.92682,55.2,3.0,17.0,2.7,2008.0,28.7,9.1
4852314688548021087,https://realty.yandex.ru/offer/4852314688548021087/,1.0,80500,0.0,55.716297,37.76946,32.0,3.0,13.0,2.7,2022.0,,
4855020489378876396,https://realty.yandex.ru/offer/4855020489378876396/,0.0,59500,0.0,55.81067,37.617393,17.5,5.0,5.0,3.5,1963.0,,
4866789339610999132,https://realty.yandex.ru/offer/4866789339610999132/,0.0,45000,0.0,55.55455,37.557617,22.0,30.0,33.0,2.7,2021.0,,
4894056166216709814,https://realty.yandex.ru/offer/4894056166216709814/,3.0,200000,190476.0,55.664703,37.546055,94.0,22.0,23.0,,2018.0,,
4897191020406113558,https://realty.yandex.ru/offer/4897191020406113558/,2.0,90000,,55.80502,37.75359,35.5,17.0,28.0,2.6,2025.0,24.0,7.0
4908749760415063179,https://realty.yandex.ru/offer/4908749760415063179/,1.0,75000,0.0,55.664513,37.715443,32.3,6.0,7.0,,2026.0,,
4908777461435384561,https://realty.yandex.ru/offer/4908777461435384561/,3.0,77500,0.0,55.860664,37.693928,80.0,7.0,14.0,2.64,1996.0,,
4913146348503714411,https://realty.yandex.ru/offer/4913146348503714411/,2.0,92500,0.0,55.81561,37.62248,45.0,7.0,9.0,,1970.0,,
4922821595076696372,https://realty.yandex.ru/offer/4922821595076696372/,0.0,51000,0.0,55.809536,37.73215,16.0,2.0,5.0,2.7,1962.0,,
4929542901604757548,https://realty.yandex.ru/offer/4929542901604757548/,2.0,67500,0.0,55.587055,37.610584,32.0,31.0,33.0,,2023.0,,
4933567150668313779,https://realty.yandex.ru/offer/4933567150668313779/,1.0,47500,45000.0,55.642635,37.54878,34.0,12.0,16.0,2.48,1979.0,,
4942750092961704676,https://realty.yandex.ru/offer/4942750092961704676/,2.0,59500,0.0,55.54017,37.474953,42.6,6.0,19.0,,,,
4998019441576434692,https://realty.yandex.ru/offer/4998019441576434692/,1.0,77000,73000.0,55.807785,37.70665,38.0,7.0,9.0,2.64,1973.0,,
5044136119245988033,https://realty.yandex.ru/offer/5044136119245988033/,1.0,80500,0.0,55.80502,37.75359,32.0,32.0,33.0,,,,
5062589529060238630,https://realty.yandex.ru/offer/5062589529060238630/,1.0,73000,0.0,55.828205,37.664455,28.0,1.0,6.0,3.0,1959.0,,
5088499197311631643,https://realty.yandex.ru/offer/5088499197311631643/,4.0,120000,0.0,55.616894,37.499516,63.0,8.0,9.0,2.64,1972.0,,
5089209556119907010,https://realty.yandex.ru/offer/5089209556119907010/,1.0,58000,0.0,55.558155,37.596977,34.0,4.0,26.0,,2021.0,,
5094837040394206607,https://realty.yandex.ru/offer/5094837040394206607/,0.0,75000,0.0,55.72436,37.68388,20.0,7.0,28.0,,,,
5113524474537850270,https://realty.yandex.ru/offer/5113524474537850270/,1.0,69000,0.0,55.55436,37.505234,38.0,4.0,15.0,3.0,2022.0,,
5122202687581861021,https://realty.yandex.ru/offer/5122202687581861021/,2.0,97500,0.0,55.825695,37.413204,46.0,3.0,25.0,3.0,2022.0,,
5126683791227518710,https://realty.yandex.ru/offer/5126683791227518710/,1.0,75000,0.0,55.818054,37.74846,41.0,6.0,25.0,3.0,2024.0,,
5135784009790484074,https://realty.yandex.ru/offer/5135784009790484074/,2.0,56500,0.0,55.588665,37.170822,53.0,14.0,14.0,,2023.0,,
5168496005051763899,https://realty.yandex.ru/offer/5168496005051763899/,1.0,115500,0.0,55.751205,37.450718,42.0,10.0,15.0,3.25,2025.0,,
5180127926971999293,https://realty.yandex.ru/offer/5180127926971999293/,2.0,110000,,55.72874,37.737644,62.0,6.0,25.0,2.8,2018.0,32.0,17.0
5180127926973731051,https://realty.yandex.ru/offer/5180127926973731051/,2.0,150000,,55.834415,37.639397,60.0,15.0,38.0,3.0,2024.0,32.0,14.0
5180127926973756217,https://realty.yandex.ru/offer/5180127926973756217/,1.0,60000,,55.72719,37.735744,43.0,4.0,32.0,3.0,2023.0,19.0,16.0
5180127926973758982,https://realty.yandex.ru/offer/5180127926973758982/,2.0,80000,,55.780174,37.531315,53.5,17.0,17.0,2.64,2001.0,33.0,9.0
5180127926973785858,https://realty.yandex.ru/offer/5180127926973785858/,2.0,140000,,55.7647,37.603092,50.0,7.0,9.0,2.8,1966.0,39.0,6.0
5180127926973787808,https://realty.yandex.ru/offer/5180127926973787808/,3.0,215000,,55.86942,37.456676,89.0,11.0,25.0,3.0,2023.0,57.0,15.0
5180127926973816728,https://realty.yandex.ru/offer/5180127926973816728/,1.0,125000,,55.698933,37.630795,39.0,8.0,11.0,3.2,2023.0,12.0,10.0
5180127926973818436,https://realty.yandex.ru/offer/5180127926973818436/,3.0,370000,,55.725464,37.64547,78.0,22.0,32.0,3.0,2025.0,40.0,14.0
5180127926973846432,https://realty.yandex.ru/offer/5180127926973846432/,3.0,100000,,55.695293,37.45958,48.0,14.0,33.0,3.0,2024.0,25.0,10.0
5180127926973847326,https://realty.yandex.ru/offer/5180127926973847326/,0.0,80000,,55.694317,37.46168,23.7,31.0,33.0,2.86,2023.0,11.6,
5180127926973847334,https://realty.yandex.ru/offer/5180127926973847334/,1.0,90000,,55.69835,37.467697,45.0,7.0,29.0,2.95,2022.0,27.0,12.0
5180127926973848387,https://realty.yandex.ru/offer/5180127926973848387/,1.0,130000,,55.759727,37.51666,34.3,19.0,33.0,3.0,2023.0,20.0,8.0
5180127926973849186,https://realty.yandex.ru/offer/5180127926973849186/,2.0,170000,,55.699028,37.640957,63.0,13.0,22.0,3.2,2023.0,30.0,15.0
5180127926973850182,https://realty.yandex.ru/offer/5180127926973850182/,1.0,55000,,55.64937,37.4392,35.8,8.0,15.0,2.8,2025.0,13.8,8.0
5180127926973850372,https://realty.yandex.ru/offer/5180127926973850372/,3.0,230000,,55.672993,37.52454,80.0,29.0,33.0,2.85,2018.0,55.0,20.0
5180127926973851109,https://realty.yandex.ru/offer/5180127926973851109/,3.0,115000,,55.649113,37.6311,64.0,6.0,11.0,3.0,2022.0,38.0,19.2
5180127926973852105,https://realty.yandex.ru/offer/5180127926973852105/,2.0,150000,,55.6896,37.655087,52.0,4.0,20.0,3.0,2022.0,24.0,15.0
5180127926973853156,https://realty.yandex.ru/offer/5180127926973853156/,1.0,90000,,55.76479,37.51141,30.0,23.0,41.0,3.0,2023.0,15.0,7.0
5180127926973853221,https://realty.yandex.ru/offer/5180127926973853221/,2.0,50000,,55.706512,37.826267,46.0,1.0,9.0,2.7,1969.0,30.0,10.0
5185816614924419868,https://realty.yandex.ru/offer/5185816614924419868/,2.0,94500,0.0,55.672405,37.59966,44.0,4.0,5.0,,1960.0,,
5227620387823408983,https://realty.yandex.ru/offer/5227620387823408983/,2.0,200000,0.0,55.789433,37.569576,57.0,3.0,12.0,3.0,2019.0,35.0,17.0
5228459579353850452,https://realty.yandex.ru/offer/5228459579353850452/,3.0,424800,,55.735855,37.499607,128.0,28.0,28.0,3.0,2019.0,79.7,12.0
5233191394089339392,https://realty.yandex.ru/offer/5233191394089339392/,3.0,77500,0.0,55.583527,37.655273,63.0,6.0,12.0,2.65,1974.0,,
5353926324058066922,https://realty.yandex.ru/offer/5353926324058066922/,0.0,51000,0.0,55.603443,37.417633,19.6,2.0,22.0,,2022.0,,
535732624404095291,https://realty.yandex.ru/offer/535732624404095291/,1.0,78500,0.0,55.631798,37.412056,36.0,19.0,22.0,,2021.0,,
5359489184114167037,https://realty.yandex.ru/offer/5359489184114167037/,0.0,50000,0.0,55.742443,37.710766,13.0,3.0,4.0,,1983.0,,
5371722841349784224,https://realty.yandex.ru/offer/5371722841349784224/,3.0,119000,0.0,55.704014,37.747414,81.0,5.0,5.0,3.0,1959.0,,
5381946495674049305,https://realty.yandex.ru/offer/5381946495674049305/,0.0,43000,0.0,55.55126,37.33667,38.0,3.0,4.0,3.0,2021.0,,
5389998140196281495,https://realty.yandex.ru/offer/5389998140196281495/,3.0,105000,0.0,55.782253,37.56341,55.0,5.0,5.0,,1960.0,,
5398165426787046478,https://realty.yandex.ru/offer/5398165426787046478/,1.0,89000,0.0,55.645233,37.38889,38.0,10.0,18.0,2.8,2020.0,,
5443568200685560461,https://realty.yandex.ru/offer/5443568200685560461/,0.0,56500,0.0,55.59396,37.439537,24.0,10.0,18.0,,2025.0,,
5452968261683986726,https://realty.yandex.ru/offer/5452968261683986726/,1.0,60000,0.0,55.643265,37.385002,36.0,4.0,20.0,2.8,2019.0,,
5453636386723643379,https://realty.yandex.ru/offer/5453636386723643379/,2.0,188000,0.0,55.71333,37.596275,68.0,3.0,6.0,,2018.0,,
5463409121333125806,https://realty.yandex.ru/offer/5463409121333125806/,3.0,62000,0.0,55.612446,37.71203,58.0,9.0,9.0,,1974.0,,
5482083537877429857,https://realty.yandex.ru/offer/5482083537877429857/,2.0,56500,0.0,55.531208,37.376427,37.0,13.0,15.0,,2026.0,,
5500138082961018346,https://realty.yandex.ru/offer/5500138082961018346/,1.0,89000,0.0,55.899475,37.62624,38.0,6.0,8.0,2.7,2024.0,,
5507854414627597278,https://realty.yandex.ru/offer/5507854414627597278/,0.0,78500,0.0,55.72719,37.735744,26.0,29.0,31.0,2.8,2023.0,,
5514705511035498608,https://realty.yandex.ru/offer/5514705511035498608/,2.0,85500,0.0,55.77673,37.606003,57.2,6.0,12.0,3.0,1986.0,,
5528124707535228632,https://realty.yandex.ru/offer/5528124707535228632/,2.0,57750,0.0,55.713066,37.74039,38.7,8.0,12.0,,1968.0,23.0,6.5
5530342657923056127,https://realty.yandex.ru/offer/5530342657923056127/,2.0,79500,0.0,55.873417,37.5812,47.0,33.0,33.0,2.7,2024.0,,
5536536693098965160,https://realty.yandex.ru/offer/5536536693098965160/,1.0,95000,0.0,55.719753,37.69092,37.0,27.0,30.0,,2024.0,,
5563729617352245303,https://realty.yandex.ru/offer/5563729617352245303/,0.0,70000,0.0,55.85965,37.54967,19.0,12.0,32.0,,,,
5566216761378245638,https://realty.yandex.ru/offer/5566216761378245638/,2.0,108500,0.0,55.716396,37.430565,43.0,26.0,29.0,3.0,2023.0,,
5576128219693246131,https://realty.yandex.ru/offer/5576128219693246131/,3.0,114500,0.0,55.8257,37.37375,64.0,18.0,30.0,3.0,2021.0,,
5594745464628333317,https://realty.yandex.ru/offer/5594745464628333317/,2.0,62000,59000.0,55.52435,37.509666,57.0,11.0,15.0,,2013.0,,
5604030799359689054,https://realty.yandex.ru/offer/5604030799359689054/,0.0,72000,0.0,55.740543,37.506794,24.8,4.0,24.0,,2024.0,12.0,
5616639470923771452,https://realty.yandex.ru/offer/5616639470923771452/,3.0,172500,0.0,55.86081,37.545547,79.0,14.0,39.0,3.0,2021.0,,
5662475946209099232,https://realty.yandex.ru/offer/5662475946209099232/,2.0,81500,0.0,55.678238,37.865734,60.9,5.0,25.0,,,,
5663610039949548263,https://realty.yandex.ru/offer/5663610039949548263/,0.0,56500,0.0,55.845917,37.576107,18.0,5.0,5.0,3.0,1955.0,,
5676434735033381256,https://realty.yandex.ru/offer/5676434735033381256/,3.0,61000,0.0,55.58004,37.66354,59.0,5.0,9.0,,1974.0,,
5678883878677492820,https://realty.yandex.ru/offer/5678883878677492820/,1.0,55500,0.0,55.936375,37.359524,35.0,14.0,17.0,2.7,2024.0,,
5684404995068472859,https://realty.yandex.ru/offer/5684404995068472859/,2.0,80000,0.0,55.67401,37.85134,73.0,12.0,24.0,,2023.0,,
5684644709861688699,https://realty.yandex.ru/offer/5684644709861688699/,2.0,94500,0.0,55.554527,37.464443,59.0,13.0,13.0,2.8,2021.0,,
5689908514454057833,https://realty.yandex.ru/offer/5689908514454057833/,0.0,70000,0.0,55.647617,37.386024,32.0,8.0,23.0,,2022.0,,
5697201862223722076,https://realty.yandex.ru/offer/5697201862223722076/,3.0,115500,110000.0,55.691288,37.718193,76.0,10.0,17.0,2.64,2008.0,,
5713304093733358303,https://realty.yandex.ru/offer/5713304093733358303/,1.0,75000,,55.72058,37.676956,30.1,5.0,32.0,,2025.0,15.0,5.0
5713304093735052421,https://realty.yandex.ru/offer/5713304093735052421/,1.0,68000,,55.61203,37.41112,35.6,6.0,18.0,,2023.0,,5.0
5745482334515257155,https://realty.yandex.ru/offer/5745482334515257155/,2.0,78500,0.0,55.712894,37.36917,50.0,12.0,17.0,,2023.0,,
5772929166923423162,https://realty.yandex.ru/offer/5772929166923423162/,1.0,67500,0.0,55.71538,37.435143,40.0,13.0,15.0,,2016.0,,
5791847422854651415,https://realty.yandex.ru/offer/5791847422854651415/,1.0,75000,71500.0,55.754025,37.546497,40.0,1.0,5.0,,1960.0,,
5795878491551300241,https://realty.yandex.ru/offer/5795878491551300241/,2.0,67500,0.0,55.511402,37.35123,55.0,3.0,9.0,2.8,2021.0,,
5820851877610008115,https://realty.yandex.ru/offer/5820851877610008115/,2.0,51000,0.0,55.58861,37.167618,32.0,7.0,14.0,,2023.0,,
5828550736920874252,https://realty.yandex.ru/offer/5828550736920874252/,0.0,50000,0.0,55.729565,37.76749,36.9,12.0,14.0,,1974.0,29.0,
5895412853125455830,https://realty.yandex.ru/offer/5895412853125455830/,1.0,63000,0.0,55.604473,37.590847,35.0,9.0,14.0,2.64,1972.0,,
5904647787030813427,https://realty.yandex.ru/offer/5904647787030813427/,1.0,77000,0.0,55.60812,37.409065,36.0,12.0,16.0,2.7,2022.0,,
5920373053329287680,https://realty.yandex.ru/offer/5920373053329287680/,3.0,600000,600000.0,55.751633,37.535507,145.0,70.0,78.0,3.2,2019.0,125.0,14.0
5923208318010796265,https://realty.yandex.ru/offer/5923208318010796265/,0.0,56500,0.0,55.618942,37.4144,20.0,14.0,25.0,2.7,2018.0,,
5935731198704316752,https://realty.yandex.ru/offer/5935731198704316752/,0.0,74000,0.0,55.73362,37.740494,27.0,22.0,25.0,,,,
5949872666024136560,https://realty.yandex.ru/offer/5949872666024136560/,1.0,84000,0.0,55.683357,37.446743,37.0,32.0,33.0,2.7,2024.0,12.0,19.0
5966547226640489308,https://realty.yandex.ru/offer/5966547226640489308/,2.0,67500,0.0,55.771103,37.703873,38.0,7.0,12.0,,1968.0,,
6026229447049696733,https://realty.yandex.ru/offer/6026229447049696733/,0.0,59500,0.0,55.85528,37.513412,40.0,9.0,21.0,2.64,1965.0,,
6033335497967365836,https://realty.yandex.ru/offer/6033335497967365836/,1.0,67500,0.0,55.71616,37.434235,43.0,7.0,14.0,2.7,2023.0,,
6063581299303085021,https://realty.yandex.ru/offer/6063581299303085021/,2.0,78000,0.0,55.517403,37.57079,49.0,13.0,17.0,,2024.0,,
6075923390716141411,https://realty.yandex.ru/offer/6075923390716141411/,1.0,55000,0.0,55.705208,37.775776,31.9,5.0,5.0,2.64,1962.0,19.0,6.0
6097729417444556099,https://realty.yandex.ru/offer/6097729417444556099/,1.0,51000,0.0,55.84237,37.38131,41.3,17.0,25.0,2.8,2009.0,,
6112965025030938486,https://realty.yandex.ru/offer/6112965025030938486/,3.0,226000,0.0,55.847347,37.63845,100.0,23.0,24.0,3.0,2017.0,,
6114589543222729241,https://realty.yandex.ru/offer/6114589543222729241/,1.0,90500,0.0,55.778908,37.57278,40.0,3.0,14.0,,1973.0,,
612210861177207626,https://realty.yandex.ru/offer/612210861177207626/,1.0,53000,0.0,55.65735,37.274002,35.0,12.0,16.0,,2024.0,,
6133409929584274278,https://realty.yandex.ru/offer/6133409929584274278/,6.0,660000,,55.742786,37.63253,480.0,8.0,8.0,3.5,1998.0,289.0,32.0
6133409929584303108,https://realty.yandex.ru/offer/6133409929584303108/,2.0,115000,,55.713978,37.434235,46.0,2.0,23.0,3.0,2020.0,,10.0
6134452788737469231,https://realty.yandex.ru/offer/6134452788737469231/,0.0,60000,0.0,55.617226,37.416718,20.0,8.0,25.0,,2020.0,,
6137840969815451462,https://realty.yandex.ru/offer/6137840969815451462/,2.0,94500,90000.0,55.836063,37.5191,42.0,17.0,22.0,,2023.0,,
6138206344451394194,https://realty.yandex.ru/offer/6138206344451394194/,2.0,105000,0.0,55.68106,37.69462,56.0,17.0,19.0,2.8,2016.0,,
6140427718826446628,https://realty.yandex.ru/offer/6140427718826446628/,2.0,89000,0.0,55.59396,37.439537,53.0,12.0,25.0,,2025.0,,
6162597625748105404,https://realty.yandex.ru/offer/6162597625748105404/,2.0,56500,0.0,55.74411,37.77281,41.0,1.0,5.0,,1962.0,,
6167697884433530198,https://realty.yandex.ru/offer/6167697884433530198/,1.0,74000,0.0,55.752495,37.412594,37.0,8.0,23.0,2.65,1985.0,,
6167935423760776188,https://realty.yandex.ru/offer/6167935423760776188/,2.0,121000,0.0,55.705677,37.632362,40.0,16.0,20.0,2.85,2024.0,,
6191806799233041348,https://realty.yandex.ru/offer/6191806799233041348/,1.0,56500,0.0,55.63576,37.72087,37.0,10.0,17.0,2.64,2004.0,,
6213018915672072321,https://realty.yandex.ru/offer/6213018915672072321/,2.0,65500,0.0,55.698242,37.807636,44.0,9.0,9.0,2.5,1968.0,,
62190704729269687,https://realty.yandex.ru/offer/62190704729269687/,3.0,83500,0.0,55.89648,37.59871,59.0,2.0,9.0,2.64,1975.0,,
6241419113901161898,https://realty.yandex.ru/offer/6241419113901161898/,1.0,68250,0.0,55.61143,37.41325,31.8,8.0,15.0,,2025.0,15.0,9.0
6242805204571748157,https://realty.yandex.ru/offer/6242805204571748157/,1.0,64000,0.0,55.547813,37.516113,33.0,13.0,30.0,,2025.0,,
6249281619842811759,https://realty.yandex.ru/offer/6249281619842811759/,0.0,55000,0.0,55.587048,37.61218,20.0,14.0,33.0,2.7,2024.0,,
6322978653156656331,https://realty.yandex.ru/offer/6322978653156656331/,0.0,34000,0.0,55.45783,37.39603,29.8,1.0,4.0,,2016.0,,
633558523840299820,https://realty.yandex.ru/offer/633558523840299820/,2.0,134500,0.0,55.786514,37.59349,45.0,5.0,8.0,,1963.0,,
6349632450948736524,https://realty.yandex.ru/offer/6349632450948736524/,2.0,105000,100000.0,55.87911,37.539597,50.7,5.0,19.0,3.0,2018.0,,
6355397494277560301,https://realty.yandex.ru/offer/6355397494277560301/,0.0,75000,0.0,55.72378,37.67281,28.0,1.0,8.0,3.0,1958.0,,
6382943541180895899,https://realty.yandex.ru/offer/6382943541180895899/,1.0,56500,0.0,55.637844,37.771793,38.8,13.0,18.0,,1987.0,,
6452615469468988465,https://realty.yandex.ru/offer/6452615469468988465/,1.0,66000,0.0,55.711025,37.934956,36.0,17.0,23.0,2.7,2022.0,,
6460416993591125300,https://realty.yandex.ru/offer/6460416993591125300/,0.0,89000,0.0,55.704517,37.570923,31.0,10.0,19.0,3.0,2019.0,,
6472304421989236622,https://realty.yandex.ru/offer/6472304421989236622/,1.0,76500,0.0,55.846134,37.562973,32.0,2.0,19.0,,2022.0,,
6509910685651433413,https://realty.yandex.ru/offer/6509910685651433413/,1.0,89500,0.0,55.850697,37.60045,34.0,4.0,33.0,2.68,2026.0,,
6520389773557937990,https://realty.yandex.ru/offer/6520389773557937990/,2.0,82500,0.0,55.840916,37.49517,42.0,7.0,26.0,3.0,2015.0,,
6520764551083523885,https://realty.yandex.ru/offer/6520764551083523885/,1.0,40000,38000.0,55.723774,37.971504,31.5,15.0,23.0,,2022.0,,
6529952460177200687,https://realty.yandex.ru/offer/6529952460177200687/,2.0,71000,0.0,55.700573,37.02533,60.0,3.0,18.0,2.8,2014.0,,
6545343002888564002,https://realty.yandex.ru/offer/6545343002888564002/,2.0,60000,,55.75865,37.80258,44.7,2.0,5.0,2.48,1966.0,29.0,5.8
6545343022478318399,https://realty.yandex.ru/offer/6545343022478318399/,0.0,45000,,55.64937,37.4392,28.5,7.0,15.0,,2026.0,18.3,
6545343023534796660,https://realty.yandex.ru/offer/6545343023534796660/,0.0,44000,,55.6718,37.855427,27.0,16.0,30.0,2.65,2017.0,20.0,
6545343024305046682,https://realty.yandex.ru/offer/6545343024305046682/,2.0,55000,,55.81594,37.809055,41.0,2.0,5.0,2.64,1964.0,27.0,9.0
6572822652545966541,https://realty.yandex.ru/offer/6572822652545966541/,2.0,92500,0.0,55.638924,37.42708,48.0,2.0,9.0,3.0,2022.0,,
6578845633755778300,https://realty.yandex.ru/offer/6578845633755778300/,0.0,69500,0.0,55.65659,37.52339,30.0,46.0,47.0,3.2,2024.0,,
6588731427809170252,https://realty.yandex.ru/offer/6588731427809170252/,0.0,56500,0.0,55.667015,37.73606,23.0,2.0,25.0,,2024.0,,
6630658953778706483,https://realty.yandex.ru/offer/6630658953778706483/,2.0,54000,51500.0,55.491364,37.297653,63.0,13.0,17.0,,2002.0,,
6666885799491141976,https://realty.yandex.ru/offer/6666885799491141976/,1.0,105000,0.0,55.719753,37.69092,38.0,7.0,30.0,,2024.0,,
6667806089037260161,https://realty.yandex.ru/offer/6667806089037260161/,2.0,89000,0.0,55.692245,37.467476,40.0,4.0,32.0,2.7,2022.0,,
6674940962241489287,https://realty.yandex.ru/offer/6674940962241489287/,2.0,73000,0.0,55.60812,37.41261,33.0,4.0,17.0,,2022.0,,
6687669987277596412,https://realty.yandex.ru/offer/6687669987277596412/,0.0,56500,0.0,55.653877,37.557503,12.0,5.0,5.0,3.5,1970.0,,
6689362311110341526,https://realty.yandex.ru/offer/6689362311110341526/,1.0,59500,0.0,55.606518,37.75161,38.0,2.0,17.0,2.64,1986.0,,
6693865154762192348,https://realty.yandex.ru/offer/6693865154762192348/,3.0,100000,0.0,55.64621,37.386864,73.0,12.0,17.0,,2021.0,,
6699928624780854687,https://realty.yandex.ru/offer/6699928624780854687/,0.0,64000,0.0,55.72504,37.798447,20.0,5.0,6.0,,2021.0,,
6712779401935141351,https://realty.yandex.ru/offer/6712779401935141351/,3.0,74500,71000.0,55.531612,37.50389,88.7,10.0,22.0,2.64,2007.0,,
6730875157521762180,https://realty.yandex.ru/offer/6730875157521762180/,2.0,320500,0.0,55.73754,37.5737,119.0,4.0,8.0,,2004.0,,
6731114269012504961,https://realty.yandex.ru/offer/6731114269012504961/,1.0,85500,0.0,55.73362,37.740494,36.0,19.0,33.0,,,,
6769915899026659733,https://realty.yandex.ru/offer/6769915899026659733/,2.0,98500,0.0,55.7822,37.729744,52.0,10.0,12.0,,1965.0,,
6789087612741072260,https://realty.yandex.ru/offer/6789087612741072260/,1.0,75000,0.0,55.685158,37.40805,42.0,4.0,9.0,3.0,2022.0,,
6792610885676808320,https://realty.yandex.ru/offer/6792610885676808320/,2.0,83500,0.0,55.67773,37.641262,41.0,31.0,33.0,2.7,2023.0,,
682739162178380717,https://realty.yandex.ru/offer/682739162178380717/,2.0,110500,0.0,55.695293,37.45958,37.2,12.0,33.0,,2024.0,,
6827603652718695361,https://realty.yandex.ru/offer/6827603652718695361/,1.0,67500,0.0,55.861576,37.376953,39.0,15.0,24.0,2.8,2024.0,,
6830599149274983928,https://realty.yandex.ru/offer/6830599149274983928/,1.0,62000,0.0,55.860676,37.587067,38.9,4.0,12.0,2.64,1974.0,,
6875242887377337074,https://realty.yandex.ru/offer/6875242887377337074/,2.0,89000,0.0,55.810287,37.491673,38.0,4.0,9.0,,1962.0,,
6883017795471033297,https://realty.yandex.ru/offer/6883017795471033297/,2.0,100000,0.0,55.85726,37.563324,51.0,3.0,17.0,2.64,1999.0,,
689287801954373961,https://realty.yandex.ru/offer/689287801954373961/,3.0,100000,0.0,55.702545,37.66529,70.0,5.0,8.0,,1959.0,,
6901776199687144448,https://realty.yandex.ru/offer/6901776199687144448/,0.0,77000,0.0,55.753197,37.696434,27.0,2.0,24.0,3.1,2024.0,,
690323094650591358,https://realty.yandex.ru/offer/690323094650591358/,0.0,62000,0.0,55.64937,37.4392,29.0,5.0,15.0,,,,
6963944737123945817,https://realty.yandex.ru/offer/6963944737123945817/,1.0,73000,0.0,55.805363,37.400818,39.0,5.0,12.0,2.64,1980.0,,
6987563674156100099,https://realty.yandex.ru/offer/6987563674156100099/,2.0,70000,0.0,55.901596,37.642754,56.0,5.0,15.0,,2021.0,,
7026306826652092827,https://realty.yandex.ru/offer/7026306826652092827/,1.0,70000,0.0,55.64357,37.393227,38.0,6.0,16.0,2.7,2021.0,,
7032649329213588206,https://realty.yandex.ru/offer/7032649329213588206/,1.0,44000,42000.0,55.5585,37.599884,36.0,6.0,25.0,,2021.0,,
7041721542862375436,https://realty.yandex.ru/offer/7041721542862375436/,0.0,68000,68000.0,55.7097,37.612408,20.0,3.0,4.0,4.0,1935.0,10.0,
704784714232863185,https://realty.yandex.ru/offer/704784714232863185/,0.0,56500,0.0,55.730614,37.851788,23.0,5.0,9.0,,2026.0,,
7053956890421889953,https://realty.yandex.ru/offer/7053956890421889953/,0.0,90000,,55.7726,37.49757,38.3,4.0,21.0,2.9,2020.0,,
7055221262946752065,https://realty.yandex.ru/offer/7055221262946752065/,0.0,59000,0.0,55.57659,37.48171,34.0,21.0,24.0,2.8,2017.0,,
7073874911358951828,https://realty.yandex.ru/offer/7073874911358951828/,2.0,143000,0.0,55.817123,37.571877,50.9,25.0,28.0,,2017.0,32.8,18.0
7079512299080664330,https://realty.yandex.ru/offer/7079512299080664330/,2.0,84000,80000.0,55.738884,37.677822,63.0,4.0,8.0,3.0,,,
7085227136026815643,https://realty.yandex.ru/offer/7085227136026815643/,1.0,78500,0.0,55.63235,37.45462,39.0,2.0,23.0,,2025.0,,
7087346656382187549,https://realty.yandex.ru/offer/7087346656382187549/,1.0,87500,0.0,55.85518,37.559513,38.0,18.0,24.0,2.8,2022.0,,
7097166510286869797,https://realty.yandex.ru/offer/7097166510286869797/,1.0,36750,0.0,56.00639,37.810062,43.1,4.0,17.0,,2025.0,14.0,21.0
7116584809020233565,https://realty.yandex.ru/offer/7116584809020233565/,2.0,131500,0.0,55.756187,37.705944,65.0,24.0,26.0,,,,
7119407560589425830,https://realty.yandex.ru/offer/7119407560589425830/,0.0,51000,0.0,55.54017,37.474953,30.0,4.0,9.0,,,,
7140285032101485603,https://realty.yandex.ru/offer/7140285032101485603/,1.0,78500,0.0,55.73362,37.740494,34.0,32.0,33.0,,,,
7151322676878208730,https://realty.yandex.ru/offer/7151322676878208730/,2.0,83500,0.0,55.809334,37.326508,45.0,14.0,17.0,2.7,2013.0,,
7151943770497367225,https://realty.yandex.ru/offer/7151943770497367225/,2.0,125500,0.0,55.653324,37.40992,95.0,15.0,25.0,2.64,2008.0,,
7164564543032744727,https://realty.yandex.ru/offer/7164564543032744727/,3.0,89000,0.0,55.843437,37.43117,57.0,1.0,5.0,2.48,1964.0,,
7177175194585231338,https://realty.yandex.ru/offer/7177175194585231338/,1.0,73000,0.0,55.681892,37.64717,33.0,3.0,9.0,2.6,1973.0,,
7197209660895135741,https://realty.yandex.ru/offer/7197209660895135741/,0.0,32500,0.0,55.522987,37.583652,24.0,10.0,25.0,2.8,2020.0,,
7209996022150640983,https://realty.yandex.ru/offer/7209996022150640983/,3.0,70000,4900000000.0,55.596855,37.610817,60.0,9.0,12.0,2.64,1971.0,43.0,7.0
7209996710849567200,https://realty.yandex.ru/offer/7209996710849567200/,2.0,113000,13560000000.0,55.81449,37.649227,62.0,18.0,22.0,2.64,2006.0,34.0,10.0
7209996851849987693,https://realty.yandex.ru/offer/7209996851849987693/,2.0,75000,5625000000.0,55.863308,37.681164,55.0,2.0,9.0,2.6,1968.0,30.0,16.0
7209996854512559028,https://realty.yandex.ru/offer/7209996854512559028/,1.0,65000,4225000000.0,55.5608,37.498394,40.0,7.0,16.0,3.1,2025.0,12.0,18.0
7209997727673148773,https://realty.yandex.ru/offer/7209997727673148773/,2.0,80000,6400000000.0,55.598446,37.36227,60.0,6.0,19.0,2.8,2017.0,35.0,12.0
7212150003948049665,https://realty.yandex.ru/offer/7212150003948049665/,1.0,35000,0.0,55.724205,37.983612,32.8,15.0,22.0,2.7,2025.0,11.8,12.8
7226216640193344126,https://realty.yandex.ru/offer/7226216640193344126/,2.0,78500,0.0,55.71411,37.778946,45.0,3.0,5.0,,1964.0,,
7229154538545883873,https://realty.yandex.ru/offer/7229154538545883873/,2.0,63000,0.0,55.86956,37.39216,57.0,13.0,25.0,,2022.0,,
7250603231042515220,https://realty.yandex.ru/offer/7250603231042515220/,2.0,73000,0.0,55.63283,37.7548,52.0,5.0,14.0,2.64,1986.0,,
7283527169601817719,https://realty.yandex.ru/offer/7283527169601817719/,1.0,62000,0.0,55.6227,37.746902,42.0,12.0,12.0,2.7,1976.0,,
7331966646124752024,https://realty.yandex.ru/offer/7331966646124752024/,2.0,85500,0.0,55.807323,37.75464,57.0,6.0,24.0,2.7,2023.0,,
7348566815777594853,https://realty.yandex.ru/offer/7348566815777594853/,1.0,67500,0.0,55.644,37.701504,29.0,12.0,19.0,2.8,2021.0,,
7351554951035820000,https://realty.yandex.ru/offer/7351554951035820000/,1.0,48000,0.0,55.516468,37.33864,32.0,3.0,14.0,2.7,2024.0,,
7372927425025299318,https://realty.yandex.ru/offer/7372927425025299318/,1.0,64000,0.0,55.94973,37.329422,38.0,5.0,14.0,,2021.0,,
7386138170054068976,https://realty.yandex.ru/offer/7386138170054068976/,3.0,100000,0.0,55.69779,37.880875,72.0,25.0,25.0,,2022.0,,
7397495477318188103,https://realty.yandex.ru/offer/7397495477318188103/,2.0,80000,0.0,55.702915,37.911728,64.0,21.0,24.0,,2022.0,,
7409342194845044019,https://realty.yandex.ru/offer/7409342194845044019/,2.0,50000,0.0,55.8198,37.81992,54.0,8.0,12.0,2.64,1968.0,,
7428434361323627494,https://realty.yandex.ru/offer/7428434361323627494/,2.0,56000,53000.0,55.514458,37.574837,32.0,17.0,17.0,,2025.0,,
7459865708823953014,https://realty.yandex.ru/offer/7459865708823953014/,1.0,45000,45000.0,55.584763,37.16462,32.6,6.0,10.0,2.7,2025.0,22.3,3.0
7478376895645275784,https://realty.yandex.ru/offer/7478376895645275784/,1.0,51000,0.0,55.712124,37.94729,32.0,14.0,14.0,,2019.0,,
7505602181790087222,https://realty.yandex.ru/offer/7505602181790087222/,1.0,93500,0.0,55.67773,37.641262,32.0,16.0,32.0,2.7,2023.0,,
751417485867216318,https://realty.yandex.ru/offer/751417485867216318/,2.0,102000,0.0,55.612503,37.577374,86.0,12.0,25.0,2.64,2011.0,,
7551129732064659715,https://realty.yandex.ru/offer/7551129732064659715/,3.0,98500,0.0,55.72254,37.51491,71.0,4.0,9.0,2.7,1976.0,,
7567809128794231217,https://realty.yandex.ru/offer/7567809128794231217/,1.0,37000,,55.725628,37.97999,32.6,16.0,22.0,,2021.0,15.3,9.0
7567809128794231398,https://realty.yandex.ru/offer/7567809128794231398/,0.0,28000,,55.72402,37.981937,23.4,2.0,22.0,,2024.0,14.0,
7619921137018586092,https://realty.yandex.ru/offer/7619921137018586092/,1.0,83500,0.0,55.79923,37.614277,36.0,1.0,12.0,2.7,1983.0,,
7626219035666181594,https://realty.yandex.ru/offer/7626219035666181594/,1.0,75000,0.0,55.761772,37.777767,36.0,20.0,23.0,,1974.0,,
7673799307262859315,https://realty.yandex.ru/offer/7673799307262859315/,2.0,73000,0.0,55.753033,37.824554,41.0,2.0,5.0,2.64,1963.0,,
7688784703039192409,https://realty.yandex.ru/offer/7688784703039192409/,0.0,38000,,55.509216,37.3372,27.0,15.0,17.0,2.7,2022.0,,
7694522101134038721,https://realty.yandex.ru/offer/7694522101134038721/,1.0,75000,,55.545094,37.481144,45.1,4.0,18.0,2.65,2020.0,27.7,9.0
7694522102050169689,https://realty.yandex.ru/offer/7694522102050169689/,1.0,65000,,55.5539,37.55398,40.0,11.0,17.0,2.65,2021.0,30.0,3.0
7694522121371156222,https://realty.yandex.ru/offer/7694522121371156222/,2.0,70000,,55.569717,37.490353,67.0,3.0,16.0,3.0,2015.0,32.9,13.4
7694522123208930404,https://realty.yandex.ru/offer/7694522123208930404/,0.0,50000,,55.807804,37.53803,21.0,1.0,5.0,3.0,1959.0,16.0,
7733637905327873173,https://realty.yandex.ru/offer/7733637905327873173/,2.0,84000,0.0,55.6698,37.43827,43.0,4.0,21.0,2.7,2023.0,,
7756711858913229642,https://realty.yandex.ru/offer/7756711858913229642/,0.0,75500,0.0,55.75323,37.706974,25.0,15.0,19.0,,2018.0,,
7764876119543104838,https://realty.yandex.ru/offer/7764876119543104838/,0.0,66500,0.0,55.814938,37.430454,25.0,7.0,22.0,3.0,2025.0,,
7790888320439646474,https://realty.yandex.ru/offer/7790888320439646474/,1.0,54000,0.0,55.862022,37.375046,20.0,5.0,18.0,,,,
7798646603274248698,https://realty.yandex.ru/offer/7798646603274248698/,5.0,170000,162000.0,55.781532,37.53073,118.0,11.0,17.0,2.75,2001.0,,
7816626276994681161,https://realty.yandex.ru/offer/7816626276994681161/,1.0,67500,0.0,55.578285,37.482662,41.5,10.0,24.0,,2020.0,,
7821451132933864876,https://realty.yandex.ru/offer/7821451132933864876/,0.0,44000,0.0,55.5873,37.126347,23.0,2.0,7.0,,2022.0,,
7875709974685372912,https://realty.yandex.ru/offer/7875709974685372912/,2.0,51000,0.0,55.46853,37.54482,44.0,11.0,12.0,2.8,2010.0,,
7881730772588443360,https://realty.yandex.ru/offer/7881730772588443360/,2.0,110500,0.0,55.776672,37.62448,46.0,1.0,5.0,,1983.0,,
7893826994142481884,https://realty.yandex.ru/offer/7893826994142481884/,1.0,70000,0.0,55.71308,37.454243,30.0,4.0,5.0,2.48,1972.0,,
7906023358549973716,https://realty.yandex.ru/offer/7906023358549973716/,0.0,60000,0.0,55.810963,37.74226,23.0,2.0,31.0,3.0,2022.0,,
7906379129461533867,https://realty.yandex.ru/offer/7906379129461533867/,3.0,104000,0.0,55.860878,37.42006,74.0,19.0,22.0,2.64,1997.0,,
7911502397498026976,https://realty.yandex.ru/offer/7911502397498026976/,0.0,62000,0.0,55.736195,37.694424,26.0,3.0,8.0,,1995.0,,
793468397746548322,https://realty.yandex.ru/offer/793468397746548322/,0.0,96500,0.0,55.742596,37.63323,22.0,3.0,12.0,3.0,2006.0,,
7939336206642656433,https://realty.yandex.ru/offer/7939336206642656433/,1.0,55000,0.0,55.717964,37.407528,35.3,4.0,4.0,3.0,1934.0,20.0,6.0
7942885721901296873,https://realty.yandex.ru/offer/7942885721901296873/,2.0,110000,0.0,55.87911,37.539597,51.0,5.0,19.0,3.0,2018.0,,
7993692489898000822,https://realty.yandex.ru/offer/7993692489898000822/,2.0,110500,0.0,55.779613,37.534977,55.0,13.0,13.0,,2013.0,,
8013857048111907319,https://realty.yandex.ru/offer/8013857048111907319/,1.0,86000,0.0,55.7137,37.621838,30.0,5.0,8.0,2.75,1961.0,,
8054643072770295643,https://realty.yandex.ru/offer/8054643072770295643/,2.0,89000,0.0,55.706985,37.66096,54.5,3.0,8.0,3.0,1958.0,,
8084935189062191526,https://realty.yandex.ru/offer/8084935189062191526/,2.0,114500,0.0,55.800907,37.582565,43.0,7.0,8.0,,1962.0,,
8089906070052697492,https://realty.yandex.ru/offer/8089906070052697492/,0.0,66000,0.0,55.593807,37.432583,37.0,8.0,16.0,,,,
8091228944509575432,https://realty.yandex.ru/offer/8091228944509575432/,0.0,55000,0.0,55.91811,37.410458,32.0,10.0,17.0,2.8,2019.0,,
8095387265884329215,https://realty.yandex.ru/offer/8095387265884329215/,3.0,76500,0.0,55.89418,37.530014,56.0,2.0,5.0,,1961.0,,
811929567393575553,https://realty.yandex.ru/offer/811929567393575553/,0.0,53500,0.0,55.867085,37.709686,19.0,8.0,16.0,2.6,1980.0,,
8121103277884122333,https://realty.yandex.ru/offer/8121103277884122333/,3.0,131500,0.0,55.644104,37.52378,84.0,14.0,22.0,2.64,2007.0,,
8124464982544226572,https://realty.yandex.ru/offer/8124464982544226572/,2.0,66150,0.0,55.521442,37.572155,63.0,3.0,17.0,,2025.0,30.0,18.0
8132637245461723124,https://realty.yandex.ru/offer/8132637245461723124/,2.0,83500,0.0,55.80582,37.71489,52.2,28.0,32.0,2.7,2021.0,,
8175540070542567738,https://realty.yandex.ru/offer/8175540070542567738/,0.0,59000,0.0,55.59326,37.4257,23.0,14.0,17.0,3.0,2023.0,,
8194686385898592056,https://realty.yandex.ru/offer/8194686385898592056/,0.0,53000,0.0,55.697514,37.87898,20.0,21.0,25.0,2.7,2023.0,,
8204684196683838734,https://realty.yandex.ru/offer/8204684196683838734/,2.0,60000,0.0,55.937393,37.361336,39.0,3.0,10.0,2.7,2024.0,,
8217074770611456080,https://realty.yandex.ru/offer/8217074770611456080/,1.0,71000,0.0,55.60568,37.414436,34.5,5.0,14.0,,2024.0,,
8232448771736121601,https://realty.yandex.ru/offer/8232448771736121601/,2.0,70000,70000.0,55.636463,37.360897,53.0,11.0,14.0,2.64,1988.0,,
8254298059452097883,https://realty.yandex.ru/offer/8254298059452097883/,2.0,73000,0.0,55.54542,37.55195,59.0,4.0,22.0,2.64,1995.0,,
8265339529526758062,https://realty.yandex.ru/offer/8265339529526758062/,2.0,110500,0.0,55.698994,37.56326,55.0,4.0,8.0,3.0,1956.0,,
8272366062380862252,https://realty.yandex.ru/offer/8272366062380862252/,0.0,39900,0.0,55.93444,37.36227,22.2,2.0,17.0,2.8,2025.0,17.0,
8292749112913343352,https://realty.yandex.ru/offer/8292749112913343352/,2.0,61000,0.0,55.60356,37.3729,39.0,16.0,25.0,,2023.0,,
8329179916770567784,https://realty.yandex.ru/offer/8329179916770567784/,1.0,87000,0.0,55.846985,37.5627,34.0,13.0,14.0,,,,
8332728624149802338,https://realty.yandex.ru/offer/8332728624149802338/,0.0,42000,0.0,55.568985,37.282894,22.0,5.0,9.0,,2023.0,,
8333825034468196854,https://realty.yandex.ru/offer/8333825034468196854/,2.0,89000,0.0,55.888573,37.646236,39.0,12.0,14.0,2.64,1970.0,,
8335124322853759100,https://realty.yandex.ru/offer/8335124322853759100/,2.0,94500,0.0,55.74676,37.511814,52.8,1.0,12.0,,1975.0,,
8340585145497112549,https://realty.yandex.ru/offer/8340585145497112549/,3.0,95000,0.0,55.808815,37.735073,69.6,5.0,12.0,,1973.0,,
8365808031808604448,https://realty.yandex.ru/offer/8365808031808604448/,1.0,116000,0.0,55.75085,37.526844,38.0,24.0,36.0,2.7,2019.0,,
8372236361209072843,https://realty.yandex.ru/offer/8372236361209072843/,2.0,83500,0.0,55.72341,37.803665,45.0,9.0,9.0,2.64,1970.0,,
8388051522283955028,https://realty.yandex.ru/offer/8388051522283955028/,2.0,71000,0.0,55.685726,37.911438,58.0,19.0,25.0,2.66,2016.0,,
8442752889622980379,https://realty.yandex.ru/offer/8442752889622980379/,0.0,37000,,55.679893,37.910873,22.0,2.0,17.0,2.7,2023.0,20.0,
8453234707943598803,https://realty.yandex.ru/offer/8453234707943598803/,1.0,51000,0.0,55.558155,37.596977,40.0,16.0,24.0,,2021.0,,
8455451562934281843,https://realty.yandex.ru/offer/8455451562934281843/,3.0,165000,0.0,55.56513,37.47674,85.0,15.0,25.0,2.8,2016.0,,
8488131893333435265,https://realty.yandex.ru/offer/8488131893333435265/,0.0,67500,0.0,55.676014,37.639973,20.0,2.0,33.0,,,,
8492028940102865189,https://realty.yandex.ru/offer/8492028940102865189/,1.0,66000,0.0,55.624645,37.700253,38.0,3.0,17.0,2.64,1984.0,,
8520232040862331065,https://realty.yandex.ru/offer/8520232040862331065/,1.0,70000,66500.0,55.65729,37.426132,34.0,6.0,24.0,,2020.0,,
8539493086659916221,https://realty.yandex.ru/offer/8539493086659916221/,2.0,50000,0.0,55.803596,37.77817,37.0,3.0,5.0,2.48,1960.0,,
8546997133215393481,https://realty.yandex.ru/offer/8546997133215393481/,4.0,114500,0.0,55.56376,37.498615,100.0,4.0,9.0,3.0,2021.0,,
855742744780757632,https://realty.yandex.ru/offer/855742744780757632/,2.0,120500,0.0,55.657253,37.558994,49.0,10.0,32.0,3.1,2021.0,,
857067040234001888,https://realty.yandex.ru/offer/857067040234001888/,2.0,78500,0.0,55.54017,37.474953,40.0,16.0,19.0,,,,
8576866796619849001,https://realty.yandex.ru/offer/8576866796619849001/,2.0,100000,95000.0,55.899475,37.62624,50.0,3.0,8.0,2.7,2024.0,,
8579750758076784176,https://realty.yandex.ru/offer/8579750758076784176/,0.0,60000,0.0,55.718,37.57237,15.0,1.0,8.0,3.0,,,
8579769702954225352,https://realty.yandex.ru/offer/8579769702954225352/,2.0,100000,0.0,55.664692,37.733345,47.0,25.0,25.0,2.7,2023.0,,
8608526333943249143,https://realty.yandex.ru/offer/8608526333943249143/,2.0,94500,0.0,55.61904,37.408104,65.0,16.0,25.0,,2018.0,,
8621494444942657281,https://realty.yandex.ru/offer/8621494444942657281/,1.0,45000,45000.0,55.816803,37.815804,47.0,2.0,9.0,2.64,1968.0,19.0,7.0
8624415074497527092,https://realty.yandex.ru/offer/8624415074497527092/,0.0,78500,0.0,55.814938,37.430454,28.0,21.0,28.0,3.0,2025.0,,
8642852381128022283,https://realty.yandex.ru/offer/8642852381128022283/,2.0,103000,0.0,55.676014,37.639973,40.0,4.0,33.0,,,,
8646001099959667690,https://realty.yandex.ru/offer/8646001099959667690/,2.0,67500,0.0,55.878147,37.689484,46.0,1.0,12.0,2.5,1974.0,,
8647731516571740182,https://realty.yandex.ru/offer/8647731516571740182/,3.0,152500,0.0,55.716347,37.67404,74.0,7.0,21.0,2.7,2024.0,,
8678746613166331649,https://realty.yandex.ru/offer/8678746613166331649/,0.0,45000,0.0,55.539898,37.453484,30.0,2.0,12.0,2.8,2021.0,,
8687746879425172569,https://realty.yandex.ru/offer/8687746879425172569/,2.0,130500,0.0,55.72385,37.686092,51.0,20.0,23.0,3.0,2025.0,,
8691519678611405896,https://realty.yandex.ru/offer/8691519678611405896/,2.0,67500,0.0,55.65104,37.609344,44.5,3.0,12.0,2.64,1966.0,,
8700209447534439259,https://realty.yandex.ru/offer/8700209447534439259/,1.0,94500,0.0,55.84718,37.56409,42.0,11.0,21.0,,2023.0,,
8701152914149409656,https://realty.yandex.ru/offer/8701152914149409656/,0.0,91000,0.0,55.812428,37.59975,33.0,9.0,32.0,2.7,2023.0,,
8712766854955344187,https://realty.yandex.ru/offer/8712766854955344187/,2.0,97000,0.0,55.593807,37.432583,48.0,7.0,17.0,,,,
8732199368698462494,https://realty.yandex.ru/offer/8732199368698462494/,2.0,77500,0.0,55.822113,37.364765,64.0,13.0,17.0,2.74,2006.0,,
8746723018796389627,https://realty.yandex.ru/offer/8746723018796389627/,0.0,62000,0.0,55.606857,37.577118,22.2,22.0,23.0,2.7,2025.0,,
8756510269899058644,https://realty.yandex.ru/offer/8756510269899058644/,1.0,37000,,55.523483,37.598843,32.0,25.0,25.0,,2018.0,18.0,9.0
8756510293768346050,https://realty.yandex.ru/offer/8756510293768346050/,0.0,30000,0.0,55.71564,37.97423,24.0,1.0,3.0,,2013.0,,
8756510293774570293,https://realty.yandex.ru/offer/8756510293774570293/,0.0,75000,,55.729683,37.697514,29.0,6.0,21.0,3.0,2024.0,,
8756510293774608610,https://realty.yandex.ru/offer/8756510293774608610/,0.0,65000,,55.729683,37.697514,25.0,3.0,21.0,3.0,2024.0,,
8777116643524033923,https://realty.yandex.ru/offer/8777116643524033923/,0.0,75000,0.0,55.736996,37.69049,20.0,5.0,7.0,4.0,2021.0,,
8792184126481499948,https://realty.yandex.ru/offer/8792184126481499948/,2.0,105000,0.0,55.727806,37.712257,52.0,9.0,33.0,,2023.0,,
8809472480407879713,https://realty.yandex.ru/offer/8809472480407879713/,0.0,55500,0.0,55.517902,37.569828,24.0,9.0,9.0,,2024.0,,
8832598225117224462,https://realty.yandex.ru/offer/8832598225117224462/,1.0,73000,0.0,55.61995,37.586067,33.0,6.0,9.0,2.64,1970.0,,
8892575394179681943,https://realty.yandex.ru/offer/8892575394179681943/,1.0,87000,0.0,55.64817,37.495724,38.0,13.0,14.0,2.64,2002.0,,
8899024898437440646,https://realty.yandex.ru/offer/8899024898437440646/,3.0,82500,0.0,55.842636,37.345272,64.0,32.0,33.0,,2019.0,,
8921663443420812805,https://realty.yandex.ru/offer/8921663443420812805/,1.0,45000,0.0,55.508957,37.342445,30.0,6.0,15.0,2.8,2021.0,,
894282322205376938,https://realty.yandex.ru/offer/894282322205376938/,0.0,64000,0.0,55.83905,37.65215,20.0,1.0,5.0,,1956.0,,
8948820228531247416,https://realty.yandex.ru/offer/8948820228531247416/,1.0,73000,0.0,55.60812,37.409065,35.0,9.0,16.0,2.7,2022.0,,
8965033844037139498,https://realty.yandex.ru/offer/8965033844037139498/,2.0,142000,0.0,55.755383,37.50871,54.0,20.0,29.0,,,,
8987846888498255869,https://realty.yandex.ru/offer/8987846888498255869/,1.0,62000,0.0,55.59107,37.453438,28.0,2.0,14.0,,,,
9011731321620624428,https://realty.yandex.ru/offer/9011731321620624428/,1.0,78500,0.0,55.807796,37.80082,43.0,5.0,14.0,2.7,2024.0,,
9038029764538870716,https://realty.yandex.ru/offer/9038029764538870716/,1.0,70000,66500.0,55.72126,37.721653,37.0,8.0,25.0,,2023.0,,
9046374773845804038,https://realty.yandex.ru/offer/9046374773845804038/,0.0,48000,0.0,55.786476,37.851196,20.0,10.0,25.0,2.7,2023.0,,
9047618510871728714,https://realty.yandex.ru/offer/9047618510871728714/,2.0,121000,0.0,55.86083,37.469727,54.0,13.0,17.0,2.64,2007.0,,
9069838411609008938,https://realty.yandex.ru/offer/9069838411609008938/,2.0,105000,0.0,55.72874,37.737644,60.0,24.0,25.0,3.0,2018.0,,
9081184223617451121,https://realty.yandex.ru/offer/9081184223617451121/,0.0,42000,0.0,55.543236,37.151867,22.0,3.0,9.0,,2018.0,,
9089935707707988909,https://realty.yandex.ru/offer/9089935707707988909/,2.0,90000,0.0,55.855362,37.557594,32.0,23.0,24.0,2.7,2024.0,,
909154232603580328,https://realty.yandex.ru/offer/909154232603580328/,2.0,66000,0.0,55.53241,37.37464,38.0,9.0,15.0,,2026.0,,
9109029862476969462,https://realty.yandex.ru/offer/9109029862476969462/,3.0,89000,0.0,55.547382,37.561813,51.0,1.0,9.0,2.64,1977.0,,
9110034144451845155,https://realty.yandex.ru/offer/9110034144451845155/,2.0,67500,0.0,55.67654,37.86079,41.0,4.0,25.0,,2020.0,,
9131600484244927213,https://realty.yandex.ru/offer/9131600484244927213/,1.0,81500,0.0,55.737568,37.7749,40.0,13.0,16.0,2.7,2024.0,,
9178370252550698578,https://realty.yandex.ru/offer/9178370252550698578/,1.0,67500,0.0,55.82713,37.52286,35.0,4.0,12.0,2.64,1967.0,,
9184496783916979387,https://realty.yandex.ru/offer/9184496783916979387/,2.0,83500,0.0,55.670372,37.763996,53.0,6.0,17.0,2.64,2004.0,,
9207554351357820370,https://realty.yandex.ru/offer/9207554351357820370/,2.0,90000,85500.0,55.63414,37.45478,55.0,3.0,16.0,,2023.0,,
9209373282414120242,https://realty.yandex.ru/offer/9209373282414120242/,2.0,51500,0.0,55.947823,37.33382,42.0,7.0,17.0,2.7,2014.0,,
9212970633757817422,https://realty.yandex.ru/offer/9212970633757817422/,1.0,67500,0.0,55.70219,37.949932,39.0,11.0,25.0,2.7,2019.0,,
931230656181791069,https://realty.yandex.ru/offer/931230656181791069/,0.0,72000,0.0,55.72436,37.68388,24.0,13.0,28.0,,,,
980997881895009591,https://realty.yandex.ru/offer/980997881895009591/,1.0,67500,0.0,55.643265,37.385002,34.0,4.0,19.0,2.8,2019.0,,
981790252145155491,https://realty.yandex.ru/offer/981790252145155491/,2.0,72000,0.0,55.672737,37.601467,44.0,1.0,5.0,2.48,1961.0,,
992175259563737848,https://realty.yandex.ru/offer/992175259563737848/,1.0,52500,0.0,55.476715,37.52626,38.0,5.0,16.0,2.7,2023.0,15.0,18.0
